{
	"credit": "Made with Blockbench",
	"textures": {
		"1": "hat/tophat",
		"particle": "hat/eyes"
	},
	"elements": [
		{
			"from": [6, 8, 6],
			"to": [10, 9, 10],
			"faces": {
				"north": {"uv": [0, 0, 8, 2], "texture": "#1"},
				"east": {"uv": [0, 0, 8, 2], "texture": "#1"},
				"south": {"uv": [0, 0, 8, 2], "texture": "#1"},
				"west": {"uv": [0, 0, 8, 2], "texture": "#1"},
				"up": {"uv": [0, 0, 8, 8], "texture": "#1"},
				"down": {"uv": [0, 0, 8, 8], "texture": "#1"}
			}
		},
		{
			"from": [7, 9, 7],
			"to": [9, 12, 9],
			"faces": {
				"north": {"uv": [0, 0, 4, 6], "texture": "#1"},
				"east": {"uv": [0, 0, 4, 6], "texture": "#1"},
				"south": {"uv": [0, 0, 4, 6], "texture": "#1"},
				"west": {"uv": [0, 0, 4, 6], "texture": "#1"},
				"up": {"uv": [0, 0, 4, 4], "texture": "#1"},
				"down": {"uv": [0, 0, 4, 4], "texture": "#1"}
			}
		}
	],
	"display": {
		"thirdperson_righthand": {
			"rotation": [2, 40, 0],
			"translation": [0.5, 0, 0.25],
			"scale": [0.5, 0.5, 0.5]
		},
		"thirdperson_lefthand": {
			"rotation": [0, 46, 0],
			"translation": [0, 0, 0.75],
			"scale": [0.5, 0.5, 0.5]
		},
		"firstperson_righthand": {
			"rotation": [0, 45, 0],
			"scale": [0.6, 0.6, 0.6]
		},
		"firstperson_lefthand": {
			"rotation": [0, -135, 0],
			"scale": [0.6, 0.6, 0.6]
		},
		"ground": {
			"translation": [0, 2, 0]
		},
		"gui": {
			"rotation": [30, -135, 0],
			"translation": [0.25, -2.25, 0],
			"scale": [2, 2, 2]
		},
		"head": {
			"translation": [0, 6.5, 0],
			"scale": [1.66, 1.66, 1.66]
		},
		"fixed": {
			"translation": [0, -2, -0.5]
		}
	}
}