{
	"credit": "Made with Blockbench",
	"textures": {
		"0": "hat/rana",
		"1": "hat/ranaeye",
		"particle": "hat/rana"
	},
	"elements": [
		{
			"from": [3.5, 6, 3.5],
			"to": [12.5, 9, 12.5],
			"faces": {
				"north": {"uv": [0, 0, 16, 6], "texture": "#0"},
				"east": {"uv": [0, 0, 16, 6], "texture": "#0"},
				"south": {"uv": [0, 0, 16, 6], "texture": "#0"},
				"west": {"uv": [0, 0, 16, 6], "texture": "#0"},
				"up": {"uv": [0, 0, 2, 2], "texture": "#0"},
				"down": {"uv": [14, 4, 16, 6], "texture": "#0"}
			}
		},
		{
			"from": [3.5, 5, 3],
			"to": [12.5, 7, 4],
			"rotation": {"angle": 22.5, "axis": "x", "origin": [8, 6, 4]},
			"faces": {
				"north": {"uv": [0, 8, 16, 12], "texture": "#0"},
				"east": {"uv": [0, 8, 16, 12], "texture": "#0"},
				"south": {"uv": [0, 8, 16, 12], "texture": "#0"},
				"west": {"uv": [0, 8, 16, 12], "texture": "#0"},
				"up": {"uv": [0, 8, 16, 12], "texture": "#0"},
				"down": {"uv": [0, 8, 16, 12], "texture": "#0"}
			}
		},
		{
			"from": [3, 5, 3.5],
			"to": [4, 7, 12.5],
			"rotation": {"angle": -22.5, "axis": "z", "origin": [4, 6, 8]},
			"faces": {
				"north": {"uv": [0, 8, 16, 12], "texture": "#0"},
				"east": {"uv": [0, 8, 16, 12], "texture": "#0"},
				"south": {"uv": [0, 8, 16, 12], "texture": "#0"},
				"west": {"uv": [0, 8, 16, 12], "texture": "#0"},
				"up": {"uv": [0, 8, 16, 12], "rotation": 90, "texture": "#0"},
				"down": {"uv": [0, 8, 16, 12], "rotation": 270, "texture": "#0"}
			}
		},
		{
			"from": [3.5, 5, 12],
			"to": [12.5, 7, 13],
			"rotation": {"angle": -22.5, "axis": "x", "origin": [8, 6, 12]},
			"faces": {
				"north": {"uv": [0, 8, 16, 12], "texture": "#0"},
				"east": {"uv": [0, 8, 16, 12], "texture": "#0"},
				"south": {"uv": [0, 8, 16, 12], "texture": "#0"},
				"west": {"uv": [0, 8, 16, 12], "texture": "#0"},
				"up": {"uv": [0, 8, 16, 12], "texture": "#0"},
				"down": {"uv": [0, 8, 16, 12], "texture": "#0"}
			}
		},
		{
			"from": [12, 5, 3.5],
			"to": [13, 7, 12.5],
			"rotation": {"angle": 22.5, "axis": "z", "origin": [12, 6, 8]},
			"faces": {
				"north": {"uv": [0, 8, 16, 12], "texture": "#0"},
				"east": {"uv": [0, 8, 16, 12], "texture": "#0"},
				"south": {"uv": [0, 8, 16, 12], "texture": "#0"},
				"west": {"uv": [0, 8, 16, 12], "texture": "#0"},
				"up": {"uv": [0, 8, 16, 12], "rotation": 90, "texture": "#0"},
				"down": {"uv": [0, 8, 16, 12], "rotation": 270, "texture": "#0"}
			}
		},
		{
			"from": [9, 8.5, 4.5],
			"to": [13, 11.5, 5.5],
			"faces": {
				"north": {"uv": [0, 0, 8, 6], "texture": "#1"},
				"east": {"uv": [0, 0, 1, 6], "texture": "#1"},
				"south": {"uv": [0, 0, 8, 2], "texture": "#1"},
				"west": {"uv": [6, 0, 7, 6], "texture": "#1"},
				"up": {"uv": [0, 0, 8, 1], "texture": "#1"},
				"down": {"uv": [0, 0, 8, 1], "texture": "#1"}
			}
		},
		{
			"from": [3, 8.5, 4.5],
			"to": [7, 11.5, 5.5],
			"faces": {
				"north": {"uv": [0, 0, 8, 6], "texture": "#1"},
				"east": {"uv": [0, 0, 1, 6], "texture": "#1"},
				"south": {"uv": [0, 0, 8, 2], "texture": "#1"},
				"west": {"uv": [6, 0, 7, 6], "texture": "#1"},
				"up": {"uv": [0, 0, 8, 1], "texture": "#1"},
				"down": {"uv": [0, 0, 8, 1], "texture": "#1"}
			}
		}
	],
	"display": {
		"thirdperson_righthand": {
			"rotation": [75, 45, 0],
			"translation": [0, 2.5, 0],
			"scale": [0.5, 0.5, 0.5]
		},
		"thirdperson_lefthand": {
			"rotation": [75, 45, 0],
			"translation": [0, 2.5, 0],
			"scale": [0.5, 0.5, 0.5]
		},
		"firstperson_righthand": {
			"rotation": [0, 45, 0],
			"scale": [0.6, 0.6, 0.6]
		},
		"firstperson_lefthand": {
			"rotation": [0, -135, 0],
			"scale": [0.6, 0.6, 0.6]
		},
		"ground": {
			"translation": [0, 2, 0],
			"scale": [0.6, 0.6, 0.6]
		},
		"gui": {
			"rotation": [30, -135, 0],
			"scale": [0.8, 0.8, 0.8]
		},
		"head": {
			"translation": [0, 6, 0],
			"scale": [1.66, 1.66, 1.66]
		}
	}
}