{
	"credit": "Made with Blockbench",
	"textures": {
		"0": "hat/party",
		"particle": "hat/party"
	},
	"elements": [
		{
			"from": [5.5, 8, 5.5],
			"to": [10.5, 11, 10.5],
			"faces": {
				"north": {"uv": [0, 0, 16, 16], "texture": "#0"},
				"east": {"uv": [0, 0, 16, 16], "texture": "#0"},
				"south": {"uv": [0, 0, 16, 16], "texture": "#0"},
				"west": {"uv": [0, 0, 16, 16], "texture": "#0"},
				"up": {"uv": [16, 16, 12.8, 12.8], "texture": "#0"},
				"down": {"uv": [16, 12.8, 12.8, 16], "texture": "#0"}
			}
		},
		{
			"from": [6.5, 11, 6.5],
			"to": [9.5, 13, 9.5],
			"faces": {
				"north": {"uv": [3.2, 0, 12.8, 3.2], "texture": "#0"},
				"east": {"uv": [3.2, 0, 12.8, 3.2], "texture": "#0"},
				"south": {"uv": [3.2, 0, 12.8, 3.2], "texture": "#0"},
				"west": {"uv": [3.2, 0, 12.8, 3.2], "texture": "#0"},
				"up": {"uv": [3.2, 0, 12.8, 3.2], "texture": "#0"},
				"down": {"uv": [3.2, 0, 12.8, 3.2], "texture": "#0"}
			}
		},
		{
			"from": [7.5, 13, 7.5],
			"to": [8.5, 14, 8.5],
			"faces": {
				"north": {"uv": [8.6, 0, 9.6, 1], "texture": "#0"},
				"east": {"uv": [8.6, 0, 9.6, 1], "texture": "#0"},
				"south": {"uv": [8.6, 0, 9.6, 1], "texture": "#0"},
				"west": {"uv": [8.6, 0, 9.6, 1], "texture": "#0"},
				"up": {"uv": [8.6, 0, 9.6, 1], "texture": "#0"},
				"down": {"uv": [8.6, 0, 9.6, 1], "texture": "#0"}
			}
		}
	],
	"display": {
		"thirdperson_righthand": {
			"rotation": [75, 45, 0],
			"translation": [0, 2.5, 0],
			"scale": [0.5, 0.5, 0.5]
		},
		"thirdperson_lefthand": {
			"rotation": [75, 45, 0],
			"translation": [0, 2.5, 0],
			"scale": [0.5, 0.5, 0.5]
		},
		"firstperson_righthand": {
			"rotation": [0, 45, 0],
			"scale": [0.6, 0.6, 0.6]
		},
		"firstperson_lefthand": {
			"rotation": [0, -135, 0],
			"scale": [0.6, 0.6, 0.6]
		},
		"ground": {
			"translation": [0, 2, 0],
			"scale": [0.6, 0.6, 0.6]
		},
		"gui": {
			"rotation": [30, -135, 0],
			"translation": [0, -2.25, 0],
			"scale": [1.2, 1.2, 1.2]
		},
		"head": {
			"translation": [0, 6.25, 0],
			"scale": [1.66, 1.66, 1.66]
		}
	}
}