{
	"credit": "Made with Blockbench",
	"textures": {
		"0": "hat/cube",
		"particle": "hat/cube"
	},
	"elements": [
		{
			"from": [6, 8, 8],
			"to": [9, 11, 11],
			"rotation": {"angle": 22.5, "axis": "y", "origin": [0, 0, 0]},
			"faces": {
				"north": {"uv": [3, 3, 6, 6], "texture": "#0"},
				"east": {"uv": [0, 3, 3, 6], "texture": "#0"},
				"south": {"uv": [9, 0, 12, 3], "texture": "#0"},
				"west": {"uv": [12, 3, 15, 6], "texture": "#0"},
				"up": {"uv": [0, 0, 3, 3], "texture": "#0"},
				"down": {"uv": [0, 0, 3, 3], "texture": "#0"}
			}
		},
		{
			"from": [0, 8, 10],
			"to": [3, 11, 13],
			"rotation": {"angle": 22.5, "axis": "y", "origin": [0, 0, 0]},
			"faces": {
				"north": {"uv": [13, 3, 16, 6], "texture": "#0"},
				"east": {"uv": [10, 3, 13, 6], "texture": "#0"},
				"south": {"uv": [12, 2, 15, 5], "texture": "#0"},
				"west": {"uv": [8, 0, 11, 3], "texture": "#0"},
				"up": {"uv": [13, 0, 16, 3], "texture": "#0"},
				"down": {"uv": [0, 0, 3, 3], "texture": "#0"}
			}
		},
		{
			"from": [4, 11, 9],
			"to": [7, 14, 12],
			"faces": {
				"north": {"uv": [13, 0, 16, 3], "texture": "#0"},
				"east": {"uv": [10, 0, 13, 3], "texture": "#0"},
				"south": {"uv": [8, 0, 11, 3], "texture": "#0"},
				"west": {"uv": [12, 2, 15, 5], "texture": "#0"},
				"up": {"uv": [7, 0, 10, 3], "texture": "#0"},
				"down": {"uv": [0, 0, 3, 3], "texture": "#0"}
			}
		}
	],
	"display": {
		"thirdperson_righthand": {
			"rotation": [75, 45, 0],
			"translation": [0, 2.5, 0],
			"scale": [0.5, 0.5, 0.5]
		},
		"thirdperson_lefthand": {
			"rotation": [75, 45, 0],
			"translation": [0, 2.5, 0],
			"scale": [0.5, 0.5, 0.5]
		},
		"firstperson_righthand": {
			"rotation": [0, 45, 0],
			"scale": [0.6, 0.6, 0.6]
		},
		"firstperson_lefthand": {
			"rotation": [0, -135, 0],
			"scale": [0.6, 0.6, 0.6]
		},
		"ground": {
			"translation": [0, 2, 0],
			"scale": [0.6, 0.6, 0.6]
		},
		"gui": {
			"rotation": [37, -170, 0],
			"translation": [0, -3.25, 0],
			"scale": [1.3, 1.3, 1.3]
		},
		"head": {
			"translation": [0, 6.25, 0],
			"scale": [1.66, 1.66, 1.66]
		},
		"fixed": {
			"rotation": [0, -37, 0],
			"translation": [0, -2.25, -2.25]
		}
	}
}