{
	"credit": "Made with Blockbench",
	"textures": {
		"0": "hat/widebrim",
		"particle": "hat/widebrim"
	},
	"elements": [
		{
			"from": [3.75, 7, 3.75],
			"to": [12.25, 9, 12.25],
			"faces": {
				"north": {"uv": [8, 14, 16, 16], "texture": "#0"},
				"east": {"uv": [8, 14, 16, 16], "texture": "#0"},
				"south": {"uv": [8, 14, 16, 16], "texture": "#0"},
				"west": {"uv": [8, 14, 16, 16], "texture": "#0"},
				"up": {"uv": [1, 1, 9, 9], "texture": "#0"},
				"down": {"uv": [1, 1, 9, 9], "texture": "#0"}
			}
		},
		{
			"from": [3.5, 6.001, 3.5],
			"to": [12.5, 7.001, 12.5],
			"faces": {
				"north": {"uv": [0, 14, 8, 15], "texture": "#0"},
				"east": {"uv": [0, 14, 8, 15], "texture": "#0"},
				"south": {"uv": [0, 14, 8, 15], "texture": "#0"},
				"west": {"uv": [0, 14, 8, 15], "texture": "#0"},
				"up": {"uv": [0, 14, 1, 15], "texture": "#0"},
				"down": {"uv": [0, 14, 1, 15], "texture": "#0"}
			}
		},
		{
			"from": [1, 6, 1],
			"to": [15, 6, 15],
			"faces": {
				"north": {"uv": [0, 13, 14, 14], "texture": "#0"},
				"east": {"uv": [0, 13, 14, 14], "texture": "#0"},
				"south": {"uv": [0, 13, 14, 14], "texture": "#0"},
				"west": {"uv": [0, 13, 14, 14], "texture": "#0"},
				"up": {"uv": [0, 0, 14, 14], "texture": "#0"},
				"down": {"uv": [0, 0, 14, 14], "texture": "#0"}
			}
		}
	],
	"display": {
		"thirdperson_righthand": {
			"rotation": [75, 45, 0],
			"translation": [0, 2.5, 0],
			"scale": [0.5, 0.5, 0.5]
		},
		"thirdperson_lefthand": {
			"rotation": [75, 45, 0],
			"translation": [0, 2.5, 0],
			"scale": [0.5, 0.5, 0.5]
		},
		"firstperson_righthand": {
			"rotation": [0, 45, 0],
			"scale": [0.6, 0.6, 0.6]
		},
		"firstperson_lefthand": {
			"rotation": [0, -135, 0],
			"scale": [0.6, 0.6, 0.6]
		},
		"ground": {
			"translation": [0, 2, 0],
			"scale": [0.6, 0.6, 0.6]
		},
		"gui": {
			"rotation": [30, -135, 0],
			"scale": [0.8, 0.8, 0.8]
		},
		"head": {
			"translation": [0, 6, 0],
			"scale": [1.66, 1.66, 1.66]
		}
	}
}