{
	"credit": "Made with Blockbench",
	"textures": {
		"0": "hat/ciggy",
		"particle": "hat/ciggy"
	},
	"elements": [
		{
			"from": [6.7, 0.9, 0.7],
			"to": [7.36, 1.56, 3.7],
			"rotation": {"angle": -22.5, "axis": "x", "origin": [7, 3, 4]},
			"faces": {
				"north": {"uv": [0, 0, 2, 2], "rotation": 270, "texture": "#0"},
				"east": {"uv": [0, 0, 2, 10], "rotation": 90, "texture": "#0"},
				"south": {"uv": [0, 8, 2, 10], "rotation": 270, "texture": "#0"},
				"west": {"uv": [0, 0, 2, 10], "rotation": 270, "texture": "#0"},
				"up": {"uv": [0, 0, 2, 10], "texture": "#0"},
				"down": {"uv": [0, 0, 2, 10], "rotation": 180, "texture": "#0"}
			}
		}
	],
	"display": {
		"thirdperson_righthand": {
			"rotation": [75, 45, 0],
			"translation": [1.5, -1, 7.25]
		},
		"thirdperson_lefthand": {
			"rotation": [75, 45, 0],
			"translation": [0, -2, 8]
		},
		"firstperson_righthand": {
			"rotation": [56, 20, 0],
			"translation": [-2.75, 5.75, 12],
			"scale": [0.6, 0.6, 0.6]
		},
		"firstperson_lefthand": {
			"rotation": [59, 20, -27],
			"translation": [-2.75, 5.75, 12],
			"scale": [0.6, 0.6, 0.6]
		},
		"ground": {
			"translation": [1.75, 16.25, 9.75],
			"scale": [2, 2, 2]
		},
		"gui": {
			"rotation": [30, -135, 0],
			"translation": [-16.75, 31, 0],
			"scale": [4, 4, 4]
		},
		"head": {
			"translation": [0, 6.75, 0],
			"scale": [1.66, 1.66, 1.66]
		},
		"fixed": {
			"rotation": [0, 90, 0],
			"translation": [20.25, 29, -6.25],
			"scale": [4, 4, 4]
		}
	}
}