{
	"credit": "Made with Blockbench",
	"texture_size": [32, 32],
	"textures": {
		"3": "hat/arrow",
		"particle": "hat/tophat"
	},
	"elements": [
		{
			"name": "arrow",
			"from": [0.5, 4, 8],
			"to": [16.5, 9, 8],
			"rotation": {"angle": 0, "axis": "z", "origin": [8, 8, 8]},
			"faces": {
				"north": {"uv": [0, 0, 8, 2.5], "texture": "#3"},
				"east": {"uv": [0, 0, 0.5, 0.5], "texture": "#3"},
				"south": {"uv": [8, 0, 0, 2.5], "texture": "#3"},
				"west": {"uv": [0, 0, 0.5, 0.5], "texture": "#3"},
				"up": {"uv": [0, 0, 0.5, 0.5], "texture": "#3"},
				"down": {"uv": [0, 0, 0.5, 0.5], "texture": "#3"}
			}
		},
		{
			"name": "arrow",
			"from": [15.5, 4, 5.5],
			"to": [15.5, 9, 10.5],
			"rotation": {"angle": 0, "axis": "z", "origin": [8, 8, 8]},
			"faces": {
				"north": {"uv": [0, 0, 0.5, 0.5], "texture": "#3"},
				"east": {"uv": [0, 2.5, 2.5, 5], "texture": "#3"},
				"south": {"uv": [0, 0, 0.5, 0.5], "texture": "#3"},
				"west": {"uv": [0, 2.5, 2.5, 5], "texture": "#3"},
				"up": {"uv": [0, 0, 0, 2.5], "texture": "#3"},
				"down": {"uv": [0, 0, 0.5, 0.5], "texture": "#3"}
			}
		},
		{
			"name": "arrow",
			"from": [0.5, 6.5, 5.5],
			"to": [16.5, 6.5, 10.5],
			"rotation": {"angle": 0, "axis": "z", "origin": [8, 8, 8]},
			"faces": {
				"north": {"uv": [0, 0, 0.5, 0.5], "texture": "#3"},
				"east": {"uv": [0, 0, 0.5, 0.5], "texture": "#3"},
				"south": {"uv": [0, 0, 0, 0.5], "texture": "#3"},
				"west": {"uv": [0, 0, 0.5, 0.5], "texture": "#3"},
				"up": {"uv": [0, 0, 8, 2.5], "rotation": 180, "texture": "#3"},
				"down": {"uv": [0, 0, 8, 2.5], "rotation": 180, "texture": "#3"}
			}
		}
	],
	"display": {
		"thirdperson_righthand": {
			"rotation": [30, -135, 0],
			"translation": [0, 2.5, 0],
			"scale": [0.5, 0.5, 0.5]
		},
		"thirdperson_lefthand": {
			"rotation": [75, 45, 0],
			"translation": [0, 2.5, 0],
			"scale": [0.5, 0.5, 0.5]
		},
		"firstperson_righthand": {
			"rotation": [0, -70, 0],
			"scale": [0.6, 0.6, 0.6]
		},
		"firstperson_lefthand": {
			"rotation": [0, 110, 0],
			"scale": [0.6, 0.6, 0.6]
		},
		"ground": {
			"translation": [0, 2, 0],
			"scale": [0.6, 0.6, 0.6]
		},
		"gui": {
			"rotation": [39, -147, -8],
			"translation": [0.75, 1, 0],
			"scale": [0.8, 0.8, 0.8]
		},
		"head": {
			"translation": [0, 6, 0],
			"scale": [1.66, 1.66, 1.66]
		},
		"fixed": {
			"translation": [0, 0, -0.5]
		}
	},
	"groups": [
		{
			"name": "arrow",
			"origin": [0, 0, 0],
			"rotation": [0, -90, 0],
			"color": 0,
			"children": [0, 1, 2]
		}
	]
}