{
	"credit": "Made with Blockbench",
	"textures": {
		"particle": "#side"
	},
	"elements": [
		{
			"from": [0, 0, 0],
			"to": [16, 4, 16],
			"faces": {
				"north": {"uv": [0, 12, 16, 16], "texture": "#side", "cullface": "north"},
				"east": {"uv": [0, 12, 16, 16], "texture": "#side", "cullface": "east"},
				"south": {"uv": [0, 12, 16, 16], "texture": "#side", "cullface": "south"},
				"west": {"uv": [0, 12, 16, 16], "texture": "#side", "cullface": "west"},
				"up": {"uv": [0, 0, 16, 16], "texture": "#top"},
				"down": {"uv": [0, 0, 16, 16], "texture": "#bottom", "cullface": "down"}
			}
		},
		{
			"from": [12, 12, 0],
			"to": [16, 16, 16],
			"faces": {
				"north": {"uv": [0, 0, 4, 4], "texture": "#side", "cullface": "north"},
				"east": {"uv": [0, 0, 16, 4], "texture": "#side", "cullface": "east"},
				"south": {"uv": [12, 0, 16, 4], "texture": "#side", "cullface": "south"},
				"west": {"uv": [0, 0, 16, 4], "texture": "#side"},
				"up": {"uv": [12, 0, 16, 16], "texture": "#top"}
			}
		},
		{
			"from": [0, 12, 12],
			"to": [12, 16, 16],
			"faces": {
				"north": {"uv": [4, 0, 16, 4], "texture": "#side"},
				"south": {"uv": [0, 0, 12, 4], "texture": "#side", "cullface": "south"},
				"west": {"uv": [12, 0, 16, 4], "texture": "#side", "cullface": "west"},
				"up": {"uv": [0, 12, 12, 16], "texture": "#top"}
			}
		},
		{
			"from": [8, 8, 0],
			"to": [16, 12, 16],
			"faces": {
				"north": {"uv": [0, 4, 8, 8], "texture": "#side", "cullface": "north"},
				"east": {"uv": [0, 4, 16, 8], "texture": "#side", "cullface": "east"},
				"south": {"uv": [8, 4, 16, 8], "texture": "#side", "cullface": "south"},
				"west": {"uv": [0, 4, 16, 8], "texture": "#side"},
				"up": {"uv": [8, 0, 16, 16], "texture": "#top"}
			}
		},
		{
			"from": [0, 8, 8],
			"to": [8, 12, 16],
			"faces": {
				"north": {"uv": [8, 4, 16, 8], "texture": "#side"},
				"south": {"uv": [0, 4, 8, 8], "texture": "#side", "cullface": "south"},
				"west": {"uv": [8, 4, 16, 8], "texture": "#side", "cullface": "west"},
				"up": {"uv": [0, 8, 8, 16], "texture": "#top"}
			}
		},
		{
			"from": [4, 4, 0],
			"to": [16, 8, 16],
			"faces": {
				"north": {"uv": [0, 8, 12, 12], "texture": "#side", "cullface": "north"},
				"east": {"uv": [0, 8, 16, 12], "texture": "#side", "cullface": "east"},
				"south": {"uv": [4, 8, 16, 12], "texture": "#side", "cullface": "south"},
				"west": {"uv": [0, 8, 16, 12], "texture": "#side"},
				"up": {"uv": [4, 0, 16, 16], "texture": "#top"}
			}
		},
		{
			"from": [0, 4, 4],
			"to": [4, 8, 16],
			"faces": {
				"north": {"uv": [12, 8, 16, 12], "texture": "#side"},
				"south": {"uv": [0, 8, 4, 12], "texture": "#side", "cullface": "south"},
				"west": {"uv": [4, 8, 16, 12], "texture": "#side", "cullface": "west"},
				"up": {"uv": [0, 4, 4, 16], "texture": "#top"}
			}
		}
	]
}