{
    "parent": "item/template_skull",
    "display": {
        "gui": {
            "translation": [ -2, 2, 0 ],
            "rotation": [ 30, 45, 0 ],
            "scale": [ 0.6, 0.6, 0.6 ]
        },
        "thirdperson_righthand": {
            "rotation": [ 0, 180, 0 ],
            "translation": [ 0, -1, 2 ],
            "scale": [ 0.5, 0.5, 0.5 ]
        },
		"fixed": {
            "rotation": [ -90, 0, 0 ],
            "scale": [ 2, 2, 2 ],
	        "translation": [0, 0, -14 ]
    }
    }
}