{
	"credit": "Made with Blockbench",
	"texture_size": [16, 32],
	"textures": {
		"0": "block/synth",
		"1": "block/ttop",
		"2": "block/tleg",
		"particle": "block/ttop"
	},
	"elements": [
		{
			"from": [0, 0, 0],
			"to": [16, 4, 16],
			"faces": {
				"north": {"uv": [0, 0, 16, 4], "texture": "#2"},
				"east": {"uv": [0, 0, 16, 4], "texture": "#2"},
				"south": {"uv": [0, 0, 16, 4], "texture": "#2"},
				"west": {"uv": [0, 0, 16, 4], "texture": "#2"},
				"up": {"uv": [0, 0, 16, 16], "texture": "#2"},
				"down": {"uv": [0, 0, 16, 16], "texture": "#2"}
			}
		},
		{
			"from": [0, 4, 0],
			"to": [1, 14, 16],
			"faces": {
				"north": {"uv": [0, 0, 1, 10], "texture": "#2"},
				"east": {"uv": [0, 0, 16, 10], "texture": "#2"},
				"south": {"uv": [0, 0, 1, 10], "texture": "#2"},
				"west": {"uv": [0, 0, 16, 10], "texture": "#2"},
				"up": {"uv": [0, 0, 1, 16], "texture": "#2"},
				"down": {"uv": [0, 0, 1, 16], "texture": "#2"}
			}
		},
		{
			"from": [15, 4, 0],
			"to": [16, 14, 16],
			"faces": {
				"north": {"uv": [0, 0, 1, 10], "texture": "#2"},
				"east": {"uv": [0, 0, 16, 10], "texture": "#2"},
				"south": {"uv": [0, 0, 1, 10], "texture": "#2"},
				"west": {"uv": [0, 0, 16, 10], "texture": "#2"},
				"up": {"uv": [0, 0, 1, 16], "texture": "#2"},
				"down": {"uv": [0, 0, 1, 16], "texture": "#2"}
			}
		},
		{
			"from": [1, 4, 15],
			"to": [15, 14, 16],
			"rotation": {"angle": 0, "axis": "y", "origin": [8, 6, 8]},
			"faces": {
				"north": {"uv": [0, 0, 14, 10], "texture": "#2"},
				"east": {"uv": [0, 0, 1, 10], "texture": "#2"},
				"south": {"uv": [0, 0, 14, 10], "texture": "#2"},
				"west": {"uv": [0, 0, 1, 10], "texture": "#2"},
				"up": {"uv": [0, 0, 1, 16], "rotation": 90, "texture": "#2"},
				"down": {"uv": [0, 0, 1, 16], "rotation": 270, "texture": "#2"}
			}
		},
		{
			"from": [0, 14, 0],
			"to": [16, 16, 16],
			"faces": {
				"north": {"uv": [0, 0, 16, 2], "texture": "#1"},
				"east": {"uv": [0, 0, 16, 2], "texture": "#1"},
				"south": {"uv": [0, 0, 16, 2], "texture": "#1"},
				"west": {"uv": [0, 0, 16, 2], "texture": "#1"},
				"up": {"uv": [0, 0, 16, 16], "texture": "#1"},
				"down": {"uv": [0, 0, 16, 16], "texture": "#1"}
			}
		},
		{
			"from": [1, 4, 1],
			"to": [15, 7, 15],
			"rotation": {"angle": 0, "axis": "y", "origin": [8, 0, 8]},
			"faces": {
				"north": {"uv": [0, 14.5, 14, 16], "texture": "#0"},
				"east": {"uv": [0, 14.5, 14, 16], "texture": "#0"},
				"south": {"uv": [0, 14.5, 14, 16], "texture": "#0"},
				"west": {"uv": [0, 14.5, 14, 16], "texture": "#0"},
				"up": {"uv": [0, 7.5, 14, 14.5], "rotation": 180, "texture": "#0"},
				"down": {"uv": [0, 15.5, 1, 16], "rotation": 180, "texture": "#0"}
			}
		},
		{
			"from": [14, 7, 1],
			"to": [15, 8, 15],
			"rotation": {"angle": 0, "axis": "y", "origin": [8, 0, 8]},
			"faces": {
				"north": {"uv": [0, 11.5, 1, 12], "texture": "#0"},
				"east": {"uv": [0, 11.5, 14, 12], "texture": "#0"},
				"south": {"uv": [0, 11.5, 1, 12], "texture": "#0"},
				"west": {"uv": [0, 11.5, 14, 12], "texture": "#0"},
				"up": {"uv": [0, 7.5, 1, 14.5], "rotation": 180, "texture": "#0"},
				"down": {"uv": [0, 7.5, 1, 14.5], "rotation": 180, "texture": "#0"}
			}
		},
		{
			"from": [1, 7, 1],
			"to": [2, 8, 15],
			"rotation": {"angle": 0, "axis": "y", "origin": [8, 0, 8]},
			"faces": {
				"north": {"uv": [0, 11.5, 1, 12], "texture": "#0"},
				"east": {"uv": [0, 11.5, 14, 12], "texture": "#0"},
				"south": {"uv": [0, 11.5, 1, 12], "texture": "#0"},
				"west": {"uv": [0, 11.5, 14, 12], "texture": "#0"},
				"up": {"uv": [0, 7.5, 1, 14.5], "rotation": 180, "texture": "#0"},
				"down": {"uv": [0, 7.5, 1, 14.5], "rotation": 180, "texture": "#0"}
			}
		},
		{
			"from": [2, 7, 6],
			"to": [14, 8, 15],
			"rotation": {"angle": 0, "axis": "y", "origin": [8, 0, 8]},
			"faces": {
				"north": {"uv": [1, 11.5, 13, 12], "texture": "#0"},
				"east": {"uv": [0, 11.5, 9, 12], "texture": "#0"},
				"south": {"uv": [1, 11.5, 13, 12], "texture": "#0"},
				"west": {"uv": [0, 11.5, 9, 12], "texture": "#0"},
				"up": {"uv": [1, 7.5, 13, 12], "rotation": 180, "texture": "#0"},
				"down": {"uv": [1, 7.5, 13, 12], "rotation": 180, "texture": "#0"}
			}
		}
	],
	"display": {
		"thirdperson_righthand": {
			"rotation": [75, 45, 0],
			"translation": [0, 2.5, 0],
			"scale": [0.375, 0.375, 0.375]
		},
		"thirdperson_lefthand": {
			"rotation": [75, 45, 0],
			"translation": [0, 2.5, 0],
			"scale": [0.375, 0.375, 0.375]
		},
		"firstperson_righthand": {
			"rotation": [0, 45, 0],
			"scale": [0.4, 0.4, 0.4]
		},
		"firstperson_lefthand": {
			"rotation": [0, -135, 0],
			"scale": [0.4, 0.4, 0.4]
		},
		"ground": {
			"translation": [0, 3, 0],
			"scale": [0.25, 0.25, 0.25]
		},
		"gui": {
			"rotation": [30, -135, 0],
			"scale": [0.625, 0.625, 0.625]
		}
	},
	"groups": [
		0,
		1,
		2,
		3,
		4,
		{
			"name": "group",
			"origin": [8, 8, 8],
			"color": 0,
			"children": [5, 6, 7, 8]
		}
	]
}