{
	"credit": "Made with Blockbench",
	"textures": {
		"0": "block/techskin",
		"1": "block/techcape",
		"2": "block/techstand",
		"particle": "block/techskin"
	},
	"elements": [
		{
			"name": "head",
			"from": [6, 15, 6],
			"to": [10, 19, 10],
			"faces": {
				"north": {"uv": [2, 2, 4, 4], "texture": "#0"},
				"east": {"uv": [0, 2, 2, 4], "texture": "#0"},
				"south": {"uv": [6, 2, 8, 4], "texture": "#0"},
				"west": {"uv": [4, 2, 6, 4], "texture": "#0"},
				"up": {"uv": [4, 2, 2, 0], "texture": "#0"},
				"down": {"uv": [6, 0, 4, 2], "texture": "#0"}
			}
		},
		{
			"name": "body",
			"from": [6, 9, 7],
			"to": [10, 15, 9],
			"faces": {
				"north": {"uv": [5, 5, 7, 7.98], "texture": "#0"},
				"east": {"uv": [4, 5, 5, 8], "texture": "#0"},
				"south": {"uv": [8, 5, 10, 8], "texture": "#0"},
				"west": {"uv": [7, 5, 8, 7.98], "texture": "#0"},
				"up": {"uv": [7, 5, 5, 4], "texture": "#0"},
				"down": {"uv": [9, 4, 7, 5], "texture": "#0"}
			}
		},
		{
			"name": "right_arm",
			"from": [10, 9, 7],
			"to": [12, 15, 9],
			"faces": {
				"north": {"uv": [11, 5, 12, 8], "texture": "#0"},
				"east": {"uv": [10, 5, 11, 8], "texture": "#0"},
				"south": {"uv": [13, 5, 14, 8], "texture": "#0"},
				"west": {"uv": [12, 5, 13, 8], "texture": "#0"},
				"up": {"uv": [12, 5, 11, 4], "texture": "#0"},
				"down": {"uv": [13, 4, 12, 5], "texture": "#0"}
			}
		},
		{
			"name": "left_arm",
			"from": [4, 9, 7],
			"to": [6, 15, 9],
			"faces": {
				"north": {"uv": [9, 13, 10, 16], "texture": "#0"},
				"east": {"uv": [8, 13, 9, 16], "texture": "#0"},
				"south": {"uv": [11, 13, 12, 16], "texture": "#0"},
				"west": {"uv": [10, 13, 11, 16], "texture": "#0"},
				"up": {"uv": [10, 13, 9, 12], "texture": "#0"},
				"down": {"uv": [11, 12, 10, 13], "texture": "#0"}
			}
		},
		{
			"name": "right_leg",
			"from": [8, 3, 7],
			"to": [10, 9, 9],
			"rotation": {"angle": 0, "axis": "z", "origin": [10, 9, 8]},
			"faces": {
				"north": {"uv": [1, 5, 2, 8], "texture": "#0"},
				"east": {"uv": [0, 5, 1, 8], "texture": "#0"},
				"south": {"uv": [3, 5, 4, 8], "texture": "#0"},
				"west": {"uv": [2, 5, 3, 8], "texture": "#0"},
				"up": {"uv": [2, 5, 1, 4], "texture": "#0"},
				"down": {"uv": [3, 4, 2, 5], "texture": "#0"}
			}
		},
		{
			"name": "left_leg",
			"from": [6, 3, 7],
			"to": [8, 9, 9],
			"rotation": {"angle": 0, "axis": "y", "origin": [7, 3, 8]},
			"faces": {
				"north": {"uv": [5, 13, 6, 16], "texture": "#0"},
				"east": {"uv": [4, 13, 5, 16], "texture": "#0"},
				"south": {"uv": [7, 13, 8, 16], "texture": "#0"},
				"west": {"uv": [6, 13, 7, 16], "texture": "#0"},
				"up": {"uv": [6, 13, 5, 12], "texture": "#0"},
				"down": {"uv": [7, 12, 6, 13], "texture": "#0"}
			}
		},
		{
			"name": "cape",
			"from": [5.5, 7, 10],
			"to": [10.5, 15, 10.5],
			"rotation": {"angle": -22.5, "axis": "x", "origin": [8, 12, 9]},
			"faces": {
				"north": {"uv": [3, 0.5, 5.5, 8.5], "texture": "#1"},
				"east": {"uv": [2.75, 0.5, 3, 8.5], "texture": "#1"},
				"south": {"uv": [0.25, 0.5, 2.75, 8.5], "texture": "#1"},
				"west": {"uv": [0, 0.5, 0.25, 8.5], "texture": "#1"},
				"up": {"uv": [0.25, 0, 2.75, 0.5], "texture": "#1"},
				"down": {"uv": [2.75, 0, 5.25, 0.5], "texture": "#1"}
			}
		},
		{
			"from": [3, 0, 3],
			"to": [13, 3, 13],
			"faces": {
				"north": {"uv": [0, 0, 10, 3], "texture": "#2"},
				"east": {"uv": [0, 0, 10, 3], "texture": "#2"},
				"south": {"uv": [0, 0, 10, 3], "texture": "#2"},
				"west": {"uv": [0, 0, 10, 3], "texture": "#2"},
				"up": {"uv": [0, 3, 10, 13], "texture": "#2"},
				"down": {"uv": [0, 3, 10, 13], "texture": "#2"}
			}
		},
		{
			"name": "head_2nd_layer",
			"from": [10.25, 17.6, 5.75],
			"to": [10.25, 18.725, 10.25],
			"rotation": {"angle": 0, "axis": "y", "origin": [8, 19, 8]},
			"faces": {
				"north": {"uv": [10, 2.25, 12, 2.75], "texture": "#0"},
				"east": {"uv": [8, 2.25, 10, 2.75], "texture": "#0"},
				"south": {"uv": [14, 2.25, 16, 2.75], "texture": "#0"},
				"west": {"uv": [12, 2.25, 14, 2.75], "texture": "#0"},
				"up": {"uv": [12, 2, 10, 0], "rotation": 90, "texture": "#0"},
				"down": {"uv": [14, 0, 12, 2], "rotation": 270, "texture": "#0"}
			}
		},
		{
			"name": "head_2nd_layer",
			"from": [5.75, 17.6, 5.75],
			"to": [10.25, 18.725, 5.75],
			"faces": {
				"north": {"uv": [10, 2.25, 12, 2.75], "texture": "#0"},
				"east": {"uv": [8, 2.25, 10, 2.75], "texture": "#0"},
				"south": {"uv": [14, 2.25, 16, 2.75], "texture": "#0"},
				"west": {"uv": [12, 2.25, 14, 2.75], "texture": "#0"},
				"up": {"uv": [12, 2, 10, 0], "texture": "#0"},
				"down": {"uv": [14, 0, 12, 2], "texture": "#0"}
			}
		},
		{
			"name": "head_2nd_layer",
			"from": [5.75, 17.6, 5.75],
			"to": [5.75, 18.725, 10.25],
			"rotation": {"angle": 0, "axis": "y", "origin": [8, 19, 8]},
			"faces": {
				"north": {"uv": [10, 2.25, 12, 2.75], "texture": "#0"},
				"east": {"uv": [8, 2.25, 10, 2.75], "texture": "#0"},
				"south": {"uv": [14, 2.25, 16, 2.75], "texture": "#0"},
				"west": {"uv": [12, 2.25, 14, 2.75], "texture": "#0"},
				"up": {"uv": [12, 2, 10, 0], "rotation": 270, "texture": "#0"},
				"down": {"uv": [14, 0, 12, 2], "rotation": 90, "texture": "#0"}
			}
		},
		{
			"name": "head_2nd_layer",
			"from": [5.75, 17.6, 10.25],
			"to": [10.25, 18.725, 10.25],
			"rotation": {"angle": 0, "axis": "y", "origin": [8, 19, 8]},
			"faces": {
				"north": {"uv": [10, 2.25, 12, 2.75], "texture": "#0"},
				"east": {"uv": [8, 2.25, 10, 2.75], "texture": "#0"},
				"south": {"uv": [14, 2.25, 16, 2.75], "texture": "#0"},
				"west": {"uv": [12, 2.25, 14, 2.75], "texture": "#0"},
				"up": {"uv": [12, 2, 10, 0], "rotation": 180, "texture": "#0"},
				"down": {"uv": [14, 0, 12, 2], "rotation": 180, "texture": "#0"}
			}
		},
		{
			"name": "head_2nd_layer",
			"from": [5.75, 18.72, 5.75],
			"to": [6.3125, 19.2825, 5.75],
			"rotation": {"angle": 0, "axis": "y", "origin": [8, 19, 8]},
			"faces": {
				"north": {"uv": [8, 2, 8.25, 2.25], "texture": "#0"},
				"east": {"uv": [8, 2, 8.25, 2.25], "texture": "#0"},
				"south": {"uv": [8, 2, 8.25, 2.25], "texture": "#0"},
				"west": {"uv": [8, 2, 8.25, 2.25], "texture": "#0"},
				"up": {"uv": [12, 2, 10, 0], "texture": "#0"},
				"down": {"uv": [14, 0, 12, 2], "texture": "#0"}
			}
		},
		{
			"name": "head_2nd_layer",
			"from": [6.875, 18.72, 5.75],
			"to": [7.4375, 19.2825, 5.75],
			"rotation": {"angle": 0, "axis": "y", "origin": [8, 19, 8]},
			"faces": {
				"north": {"uv": [8, 2, 8.25, 2.25], "texture": "#0"},
				"east": {"uv": [8, 2, 8.25, 2.25], "texture": "#0"},
				"south": {"uv": [8, 2, 8.25, 2.25], "texture": "#0"},
				"west": {"uv": [8, 2, 8.25, 2.25], "texture": "#0"},
				"up": {"uv": [12, 2, 10, 0], "texture": "#0"},
				"down": {"uv": [14, 0, 12, 2], "texture": "#0"}
			}
		},
		{
			"name": "head_2nd_layer",
			"from": [8.5625, 18.72, 5.75],
			"to": [9.125, 19.2825, 5.75],
			"rotation": {"angle": 0, "axis": "y", "origin": [8, 19, 8]},
			"faces": {
				"north": {"uv": [8, 2, 8.25, 2.25], "texture": "#0"},
				"east": {"uv": [8, 2, 8.25, 2.25], "texture": "#0"},
				"south": {"uv": [8, 2, 8.25, 2.25], "texture": "#0"},
				"west": {"uv": [8, 2, 8.25, 2.25], "texture": "#0"},
				"up": {"uv": [12, 2, 10, 0], "texture": "#0"},
				"down": {"uv": [14, 0, 12, 2], "texture": "#0"}
			}
		},
		{
			"name": "head_2nd_layer",
			"from": [9.6875, 18.72, 5.75],
			"to": [10.25, 19.2825, 5.75],
			"rotation": {"angle": 0, "axis": "y", "origin": [8, 19, 8]},
			"faces": {
				"north": {"uv": [8, 2, 8.25, 2.25], "texture": "#0"},
				"east": {"uv": [8, 2, 8.25, 2.25], "texture": "#0"},
				"south": {"uv": [8, 2, 8.25, 2.25], "texture": "#0"},
				"west": {"uv": [8, 2, 8.25, 2.25], "texture": "#0"},
				"up": {"uv": [12, 2, 10, 0], "texture": "#0"},
				"down": {"uv": [14, 0, 12, 2], "texture": "#0"}
			}
		},
		{
			"name": "head_2nd_layer",
			"from": [5.75, 18.72, 9.6875],
			"to": [5.75, 19.2825, 10.25],
			"rotation": {"angle": 0, "axis": "y", "origin": [8, 19, 8]},
			"faces": {
				"north": {"uv": [8, 2, 8.25, 2.25], "texture": "#0"},
				"east": {"uv": [8, 2, 8.25, 2.25], "texture": "#0"},
				"south": {"uv": [8, 2, 8.25, 2.25], "texture": "#0"},
				"west": {"uv": [8, 2, 8.25, 2.25], "texture": "#0"},
				"up": {"uv": [12, 2, 10, 0], "rotation": 270, "texture": "#0"},
				"down": {"uv": [14, 0, 12, 2], "rotation": 90, "texture": "#0"}
			}
		},
		{
			"name": "head_2nd_layer",
			"from": [5.75, 18.72, 8.5625],
			"to": [5.75, 19.2825, 9.125],
			"rotation": {"angle": 0, "axis": "y", "origin": [8, 19, 8]},
			"faces": {
				"north": {"uv": [8, 2, 8.25, 2.25], "texture": "#0"},
				"east": {"uv": [8, 2, 8.25, 2.25], "texture": "#0"},
				"south": {"uv": [8, 2, 8.25, 2.25], "texture": "#0"},
				"west": {"uv": [8, 2, 8.25, 2.25], "texture": "#0"},
				"up": {"uv": [12, 2, 10, 0], "rotation": 270, "texture": "#0"},
				"down": {"uv": [14, 0, 12, 2], "rotation": 90, "texture": "#0"}
			}
		},
		{
			"name": "head_2nd_layer",
			"from": [5.75, 18.72, 7.4375],
			"to": [5.75, 19.2825, 8],
			"rotation": {"angle": 0, "axis": "y", "origin": [8, 19, 8]},
			"faces": {
				"north": {"uv": [8, 2, 8.25, 2.25], "texture": "#0"},
				"east": {"uv": [8, 2, 8.25, 2.25], "texture": "#0"},
				"south": {"uv": [8, 2, 8.25, 2.25], "texture": "#0"},
				"west": {"uv": [8, 2, 8.25, 2.25], "texture": "#0"},
				"up": {"uv": [12, 2, 10, 0], "rotation": 270, "texture": "#0"},
				"down": {"uv": [14, 0, 12, 2], "rotation": 90, "texture": "#0"}
			}
		},
		{
			"name": "head_2nd_layer",
			"from": [5.75, 18.72, 6.3125],
			"to": [5.75, 19.2825, 6.875],
			"rotation": {"angle": 0, "axis": "y", "origin": [8, 19, 8]},
			"faces": {
				"north": {"uv": [8, 2, 8.25, 2.25], "texture": "#0"},
				"east": {"uv": [8, 2, 8.25, 2.25], "texture": "#0"},
				"south": {"uv": [8, 2, 8.25, 2.25], "texture": "#0"},
				"west": {"uv": [8, 2, 8.25, 2.25], "texture": "#0"},
				"up": {"uv": [12, 2, 10, 0], "rotation": 270, "texture": "#0"},
				"down": {"uv": [14, 0, 12, 2], "rotation": 90, "texture": "#0"}
			}
		},
		{
			"name": "head_2nd_layer",
			"from": [10.25, 18.72, 9.6875],
			"to": [10.25, 19.2825, 10.25],
			"rotation": {"angle": 0, "axis": "y", "origin": [8, 19, 8]},
			"faces": {
				"north": {"uv": [8, 2, 8.25, 2.25], "texture": "#0"},
				"east": {"uv": [8, 2, 8.25, 2.25], "texture": "#0"},
				"south": {"uv": [8, 2, 8.25, 2.25], "texture": "#0"},
				"west": {"uv": [8, 2, 8.25, 2.25], "texture": "#0"},
				"up": {"uv": [12, 2, 10, 0], "rotation": 90, "texture": "#0"},
				"down": {"uv": [14, 0, 12, 2], "rotation": 270, "texture": "#0"}
			}
		},
		{
			"name": "head_2nd_layer",
			"from": [10.25, 18.72, 8.5625],
			"to": [10.25, 19.2825, 9.125],
			"rotation": {"angle": 0, "axis": "y", "origin": [8, 19, 8]},
			"faces": {
				"north": {"uv": [8, 2, 8.25, 2.25], "texture": "#0"},
				"east": {"uv": [8, 2, 8.25, 2.25], "texture": "#0"},
				"south": {"uv": [8, 2, 8.25, 2.25], "texture": "#0"},
				"west": {"uv": [8, 2, 8.25, 2.25], "texture": "#0"},
				"up": {"uv": [12, 2, 10, 0], "rotation": 90, "texture": "#0"},
				"down": {"uv": [14, 0, 12, 2], "rotation": 270, "texture": "#0"}
			}
		},
		{
			"name": "head_2nd_layer",
			"from": [10.25, 18.72, 7.4375],
			"to": [10.25, 19.2825, 8],
			"rotation": {"angle": 0, "axis": "y", "origin": [8, 19, 8]},
			"faces": {
				"north": {"uv": [8, 2, 8.25, 2.25], "texture": "#0"},
				"east": {"uv": [8, 2, 8.25, 2.25], "texture": "#0"},
				"south": {"uv": [8, 2, 8.25, 2.25], "texture": "#0"},
				"west": {"uv": [8, 2, 8.25, 2.25], "texture": "#0"},
				"up": {"uv": [12, 2, 10, 0], "rotation": 90, "texture": "#0"},
				"down": {"uv": [14, 0, 12, 2], "rotation": 270, "texture": "#0"}
			}
		},
		{
			"name": "head_2nd_layer",
			"from": [10.25, 18.72, 6.3125],
			"to": [10.25, 19.2825, 6.875],
			"rotation": {"angle": 0, "axis": "y", "origin": [8, 19, 8]},
			"faces": {
				"north": {"uv": [8, 2, 8.25, 2.25], "texture": "#0"},
				"east": {"uv": [8, 2, 8.25, 2.25], "texture": "#0"},
				"south": {"uv": [8, 2, 8.25, 2.25], "texture": "#0"},
				"west": {"uv": [8, 2, 8.25, 2.25], "texture": "#0"},
				"up": {"uv": [12, 2, 10, 0], "rotation": 90, "texture": "#0"},
				"down": {"uv": [14, 0, 12, 2], "rotation": 270, "texture": "#0"}
			}
		},
		{
			"name": "head_2nd_layer",
			"from": [9.125, 18.72, 10.25],
			"to": [9.6875, 19.2825, 10.25],
			"rotation": {"angle": 0, "axis": "y", "origin": [8, 19, 8]},
			"faces": {
				"north": {"uv": [8, 2, 8.25, 2.25], "texture": "#0"},
				"east": {"uv": [8, 2, 8.25, 2.25], "texture": "#0"},
				"south": {"uv": [8, 2, 8.25, 2.25], "texture": "#0"},
				"west": {"uv": [8, 2, 8.25, 2.25], "texture": "#0"},
				"up": {"uv": [12, 2, 10, 0], "rotation": 180, "texture": "#0"},
				"down": {"uv": [14, 0, 12, 2], "rotation": 180, "texture": "#0"}
			}
		},
		{
			"name": "head_2nd_layer",
			"from": [6.3125, 18.72, 10.25],
			"to": [6.875, 19.2825, 10.25],
			"rotation": {"angle": 0, "axis": "y", "origin": [8, 19, 8]},
			"faces": {
				"north": {"uv": [8, 2, 8.25, 2.25], "texture": "#0"},
				"east": {"uv": [8, 2, 8.25, 2.25], "texture": "#0"},
				"south": {"uv": [8, 2, 8.25, 2.25], "texture": "#0"},
				"west": {"uv": [8, 2, 8.25, 2.25], "texture": "#0"},
				"up": {"uv": [12, 2, 10, 0], "rotation": 180, "texture": "#0"},
				"down": {"uv": [14, 0, 12, 2], "rotation": 180, "texture": "#0"}
			}
		},
		{
			"name": "head_2nd_layer",
			"from": [7.4375, 18.72, 10.25],
			"to": [8.5625, 19.2825, 10.25],
			"rotation": {"angle": 0, "axis": "y", "origin": [8, 19, 8]},
			"faces": {
				"north": {"uv": [8, 2, 8.25, 2.25], "texture": "#0"},
				"east": {"uv": [8, 2, 8.25, 2.25], "texture": "#0"},
				"south": {"uv": [8, 2, 8.25, 2.25], "texture": "#0"},
				"west": {"uv": [8, 2, 8.25, 2.25], "texture": "#0"},
				"up": {"uv": [12, 2, 10, 0], "rotation": 180, "texture": "#0"},
				"down": {"uv": [14, 0, 12, 2], "rotation": 180, "texture": "#0"}
			}
		}
	],
	"display": {
		"thirdperson_righthand": {
			"rotation": [75, 45, 0],
			"translation": [0, 2.5, 0],
			"scale": [0.375, 0.375, 0.375]
		},
		"thirdperson_lefthand": {
			"rotation": [75, 45, 0],
			"translation": [0, 2.5, 0],
			"scale": [0.375, 0.375, 0.375]
		},
		"firstperson_righthand": {
			"rotation": [0, 45, 0],
			"scale": [0.4, 0.4, 0.4]
		},
		"firstperson_lefthand": {
			"rotation": [0, 45, 0],
			"scale": [0.4, 0.4, 0.4]
		},
		"ground": {
			"translation": [0, 3, 0],
			"scale": [0.5, 0.5, 0.5]
		},
		"gui": {
			"rotation": [30, -135, 0],
			"scale": [0.625, 0.625, 0.625]
		}
	},
	"groups": [
		{
			"name": "steve",
			"origin": [8, 8, 8],
			"color": 0,
			"children": [0, 1, 2, 3, 4, 5, 6, 7]
		},
		{
			"name": "group",
			"origin": [8, 19, 8],
			"color": 0,
			"children": [8, 9, 10, 11]
		},
		12,
		13,
		14,
		15,
		16,
		17,
		18,
		19,
		20,
		21,
		22,
		23,
		24,
		25,
		26
	]
}